Date,USFR,USFR_Volume,SGOV,SGOV_Volume,BIL,BIL_Volume,TFLO,TFLO_Volume,SHV,SHV_Volume,ICSH,ICSH_Volume
1/3/2023,50.27000046,12341200,100.1600037,1660100,91.48000336,12503100,50.40999985,1544300,109.9400024,6851200,50.04000092,897000
1/4/2023,50.25999832,7551700,100.1500015,908200,91.47000122,9074500,50.38999939,2416900,109.9499969,2463300,50.06000137,999700
1/5/2023,50.29999924,3591400,100.1900024,1809200,91.5,6454100,50.43000031,1377700,109.9700012,1940200,50.06000137,1091500
1/6/2023,50.29999924,2832900,100.2099991,1766200,91.48999786,4623500,50.40999985,1529300,109.9899979,2674900,50.11000061,663800
1/9/2023,50.29000092,4465800,100.2099991,9842300,91.51000214,9734500,50.43000031,2179900,110,2286300,50.11999893,980700
1/10/2023,50.31000137,2745600,100.2099991,2523900,91.5,5606700,50.43000031,1182700,109.9899979,4740500,50.13000107,1258500
1/11/2023,50.31000137,3143300,100.2099991,3007500,91.5,8601300,50.45000076,981100,110.0199966,2882800,50.13000107,5342200
1/12/2023,50.34000015,2552100,100.2799988,865400,91.56999969,8086900,50.47000122,886500,110.0800018,2648900,50.15999985,1776700
1/13/2023,50.34999847,2496400,100.2900009,1120200,91.58000183,5501700,50.49000168,1363900,110.0800018,1533700,50.15999985,1014400
1/17/2023,50.36999893,2118800,100.2799988,939800,91.58000183,9495400,50.49000168,1438100,110.1100006,3249400,50.18000031,1071800
1/18/2023,50.38000107,4384400,100.3099976,1381400,91.58999634,4944800,50.5,611400,110.1200027,1580300,50.20999908,1749700
1/19/2023,50.38999939,2622800,100.3300018,1467700,91.62999725,6491300,50.5,1512600,110.1500015,1771700,50.22999954,1006200
1/20/2023,50.38999939,2205100,100.3499985,1379900,91.63999939,4532400,50.52000046,960900,110.1699982,2654600,50.22999954,1104400
1/23/2023,50.40000153,2543400,100.3499985,2633000,91.63999939,9166400,50.52000046,894000,110.1699982,3023000,50.22999954,2491800
1/24/2023,50.40000153,2954500,100.3799973,1226600,91.65000153,5073700,50.54000092,1900300,110.1800003,1497000,50.22999954,1890800
1/25/2023,50.22000122,3873900,100.3899994,1176000,91.66000366,7570300,50.54000092,1048200,110.2200012,2348300,50.25,966300
1/26/2023,50.25999832,3418000,100.4199982,1151800,91.70999908,5116500,50.54999924,836800,110.25,2604100,50.25999832,981700
1/27/2023,50.25,3192600,100.4300003,2232000,91.72000122,5232100,50.56000137,1207000,110.2600021,2689600,50.25999832,1359900
1/30/2023,50.25999832,4793300,100.4599991,1174600,91.72000122,4281500,50.56000137,1288500,110.2699966,1537200,50.27999878,928000
1/31/2023,50.27999878,3116700,100.4599991,1421600,91.73000336,7362600,50.56000137,1438400,110.2799988,2320300,50.29000092,2011100
2/1/2023,50.27999878,4178100,100.0800018,1804300,91.40000153,9424000,50.40000153,1806500,109.9400024,3818200,50.11000061,2547200
2/2/2023,50.33000183,3545200,100.1299973,2411400,91.44000244,11984500,50.40000153,2805700,109.9800034,4260700,50.13000107,2590400
2/3/2023,50.31000137,10040500,100.1399994,1896400,91.45999908,8934700,50.43000031,2855200,109.9599991,3699000,50.11999893,1283000
2/6/2023,50.31999969,3958700,100.1399994,1695900,91.47000122,5928200,50.41999817,1908500,109.9599991,1435600,50.09999847,2368400
2/7/2023,50.33000183,3026200,100.1600037,1221700,91.48000336,4283200,50.43000031,1442200,109.9700012,4316700,50.11999893,1000100
2/8/2023,50.34000015,2868300,100.1699982,2473800,91.48000336,4101500,50.43999863,1356600,109.9899979,1427500,50.13000107,909400
2/9/2023,50.34000015,2299100,100.2099991,1081100,91.51000214,4909400,50.45000076,1004900,110.0299988,2605400,50.13000107,1385800
2/10/2023,50.34000015,3054800,100.2200012,1425500,91.51999664,4580800,50.47000122,1337700,110.0299988,3599200,50.13999939,605800
2/13/2023,50.36000061,2665400,100.2399979,2398700,91.54000092,8904000,50.47999954,1995000,110.0599976,4937000,50.15000153,1033500
2/14/2023,50.36000061,2410800,100.2300034,1309900,91.54000092,4056600,50.45999908,1104700,110.0599976,8360500,50.13000107,3590100
2/15/2023,50.36999893,2704700,100.2600021,1216900,91.55999756,4895700,50.47999954,1759700,110.0699997,5306700,50.13999939,1628100
2/16/2023,50.40999985,2987200,100.3000031,1744500,91.61000061,5556400,50.50999832,1393100,110.1200027,8161600,50.15999985,1211900
2/17/2023,50.40000153,2724200,100.3099976,1228600,91.62000275,4398600,50.52000046,1764300,110.1299973,3311200,50.18000031,787400
2/21/2023,50.40000153,3586600,100.3300018,2903100,91.62000275,17021300,50.52999878,2807800,110.1299973,15878000,50.16999817,1697800
2/22/2023,50.24000168,4652500,100.3499985,9440100,91.65000153,18697200,50.52000046,1282400,110.1600037,12698600,50.16999817,1014900
2/23/2023,50.27000046,3251900,100.3899994,1708000,91.68000031,4863200,50.54000092,891300,110.1999969,3282300,50.18999863,1660600
2/24/2023,50.27000046,3479600,100.4000015,2364400,91.69000244,7735500,50.54999924,1093800,110.2099991,3538200,50.18999863,957500
2/27/2023,50.27999878,2929400,100.4100037,1759100,91.69999695,7477400,50.56000137,1091500,110.2300034,4188100,50.20000076,1602300
2/28/2023,50.29000092,4064900,100.4300003,1561400,91.70999908,8086900,50.56000137,1588200,110.2300034,2279700,50.20000076,1485800
3/1/2023,50.29999924,7203400,100.1600037,2607600,91.45999908,11005600,50.40000153,3143500,109.9599991,4235800,50.04000092,1821200
3/2/2023,50.31999969,3877900,100.2099991,3157500,91.48999786,9631700,50.41999817,2519500,110.0100021,3645100,50.04000092,1300000
3/3/2023,50.31999969,3195700,100.2200012,2467400,91.51000214,7068300,50.43999863,1936800,110.0199966,2279200,50.06000137,1574000
3/6/2023,50.31000137,3731100,100.2099991,1563600,91.51999664,6131200,50.43000031,1547200,110.0299988,1892200,50.08000183,985700
3/7/2023,50.33000183,2825300,100.2399979,1258000,91.51999664,4330700,50.43999863,1961400,110.0100021,3041100,50.08000183,1436600
3/8/2023,50.34999847,4406800,100.25,1381400,91.54000092,8207000,50.45999908,1047000,110.0199966,2498100,50.06999969,746000
3/9/2023,50.36999893,3301700,100.2799988,3052300,91.55999756,6450500,50.47999954,1077500,110.0800018,2563000,50.09000015,737200
3/10/2023,50.38000107,5163600,100.3000031,3660800,91.58000183,13475700,50.49000168,1212500,110.1299973,3788700,50.13999939,1220200
3/13/2023,50.38999939,8736400,100.3300018,6303300,91.59999847,21685200,50.49000168,3336100,110.2600021,6610900,50.16999817,1675300
3/14/2023,50.38000107,4466900,100.3499985,2820100,91.61000061,35715200,50.49000168,1665600,110.1999969,22109100,50.15000153,935200
3/15/2023,50.38000107,5716200,100.3899994,4904300,91.66000366,11411700,50.5,2195200,110.3099976,5189900,50.16999817,1143200
3/16/2023,50.38000107,5417000,100.4100037,2073800,91.69999695,9320200,50.49000168,2173800,110.3000031,4020900,50.15000153,1066600
3/17/2023,50.38000107,3744500,100.4199982,3651500,91.72000122,8580300,50.50999832,1559300,110.3799973,2506000,50.20999908,1325000
3/20/2023,50.36999893,3652200,100.4300003,2371500,91.73000336,8169600,50.5,1570800,110.3600006,3548000,50.20000076,787000
3/21/2023,50.38000107,2807300,100.4599991,1727800,91.73000336,7888500,50.47999954,3874200,110.3300018,3497500,50.18999863,2056800
3/22/2023,50.38999939,3117700,100.4499969,2389900,91.75,8202600,50.52000046,1366500,110.3700027,1808600,50.22000122,618000
3/23/2023,50.40000153,2882700,100.4899979,2302600,91.79000092,5769500,50.50999832,3958400,110.4400024,2282000,50.27000046,864200
3/24/2023,50.40000153,4954100,100.5299988,3171100,91.80999756,7374800,50.54000092,1697500,110.4499969,3134300,50.25999832,4567600
3/27/2023,50.20999908,4722500,100.5100021,1457100,91.80000305,6188600,50.54000092,1534400,110.4499969,3964900,50.22000122,2178700
3/28/2023,50.22000122,4441900,100.5400009,1819600,91.81999969,6215000,50.54999924,1461900,110.4599991,4817700,50.20000076,1606600
3/29/2023,50.24000168,4557500,100.5500031,1724900,91.81999969,4705700,50.56999969,1721000,110.4700012,1990600,50.22000122,910000
3/30/2023,50.27999878,5248800,100.5699997,2052700,91.83999634,9284700,50.58000183,5282200,110.4899979,2791500,50.22999954,633800
3/31/2023,50.27000046,3216600,100.5800018,5189500,91.81999969,11615500,50.59000015,3393600,110.5,2600800,50.25,1022800
4/3/2023,50.29000092,7441900,100.2300034,3136300,91.47000122,12494900,50.41999817,1451000,110.0999985,4125500,50.09999847,1681000
4/4/2023,50.29000092,3007700,100.25,3701400,91.48000336,10265800,50.43000031,1262500,110.1399994,2714200,50.13000107,1134900
4/5/2023,50.31999969,3367100,100.2900009,2504500,91.52999878,6913900,50.45000076,1427800,110.1999969,4244900,50.18000031,2074700
4/6/2023,50.33000183,3986800,100.3199997,1478000,91.54000092,4941400,50.45000076,1057300,110.1999969,2210200,50.18999863,1054500
4/10/2023,50.33000183,3764100,100.3300018,3470600,91.55000305,5741900,50.45999908,3728700,110.1900024,3327100,50.15999985,1137300
4/11/2023,50.34000015,6888200,100.3300018,2727900,91.55999756,7722600,50.47000122,1424400,110.2099991,2700600,50.18000031,1189100
4/12/2023,50.34999847,3116200,100.3499985,10695300,91.58000183,8786200,50.47000122,1179300,110.2200012,1886100,50.18999863,773100
4/13/2023,50.36000061,2482500,100.4100037,1510900,91.62999725,8673900,50.50999832,1214900,110.2799988,2297000,50.20999908,671800
4/14/2023,50.38000107,3900200,100.4199982,1791500,91.62999725,9391100,50.50999832,1563100,110.2600021,1464500,50.20000076,526100
4/17/2023,50.38000107,3660200,100.4199982,1412000,91.65000153,5173800,50.52000046,1044800,110.2699966,1945200,50.18999863,544400
4/18/2023,50.38000107,3002900,100.4400024,1103200,91.66000366,4540700,50.52000046,941200,110.2900009,1819600,50.20000076,604200
4/19/2023,50.40999985,3151000,100.4700012,1948100,91.66999817,5901900,50.54000092,896100,110.3000031,1611900,50.20000076,592300
4/20/2023,50.43000031,3807300,100.5100021,1421500,91.73999786,6034400,50.54999924,1094900,110.3600006,1302900,50.22000122,736600
4/21/2023,50.43000031,3026500,100.5199966,1293100,91.73000336,5880900,50.56999969,1400000,110.3700027,1729200,50.22999954,564700
4/24/2023,50.22999954,3961300,100.5299988,1508900,91.73999786,8195900,50.56000137,976400,110.3799973,2170800,50.25,841300
4/25/2023,50.25,3133000,100.5299988,1922100,91.73000336,4222500,50.58000183,1093400,110.4100037,1895200,50.27999878,1107900
4/26/2023,50.27000046,2651600,100.5299988,1942700,91.75,7365200,50.58000183,921600,110.4199982,1949000,50.29999924,1340900
4/27/2023,50.29000092,2011500,100.5599976,2307900,91.77999878,5585400,50.61999893,1091600,110.4400024,2171600,50.29000092,476600
4/28/2023,50.31999969,4483300,100.5599976,2363900,91.77999878,6539100,50.63000107,1656500,110.4499969,2053700,50.31999969,1055100
5/1/2023,50.33000183,4029800,100.1800003,3549800,91.43000031,11273300,50.43999863,1463100,110.0400009,2047300,50.13999939,802300
5/2/2023,50.34000015,3873700,100.1999969,1648600,91.41000366,5495900,50.43999863,853300,110.0699997,1921300,50.20000076,907000
5/3/2023,50.34000015,2727200,100.1999969,1600900,91.41999817,5533100,50.45000076,1376300,110.0899963,2262400,50.20000076,909600
5/4/2023,50.36999893,4420600,100.25,4615700,91.44999695,8052700,50.47000122,1612700,110.1500015,3223000,50.20999908,890300
5/5/2023,50.38000107,5494700,100.2600021,2130900,91.47000122,7169200,50.47999954,1834900,110.1399994,2294100,50.20000076,504000
5/8/2023,50.38000107,2896400,100.2699966,2293300,91.48000336,5508600,50.49000168,837300,110.1500015,1908500,50.18999863,862800
5/9/2023,50.38999939,3706900,100.2799988,1693100,91.48999786,6850300,50.5,1213200,110.1500015,1490700,50.18999863,961000
5/10/2023,50.38999939,3213000,100.3000031,1603000,91.5,4831800,50.5,1476300,110.1900024,1791900,50.20999908,825800
5/11/2023,50.40999985,3278700,100.3600006,2600800,91.55999756,6159800,50.52000046,1616600,110.2300034,17218700,50.22999954,894400
5/12/2023,50.41999817,3633100,100.3799973,1784600,91.58000183,4324800,50.52999878,2247600,110.2300034,14740600,50.22000122,496400
5/15/2023,50.40999985,4375600,100.3700027,1435800,91.58999634,4056100,50.52000046,815400,110.2399979,3072800,50.22999954,905700
5/16/2023,50.41999817,3987600,100.4000015,1270500,91.58000183,8530400,50.54000092,1225400,110.2399979,3750900,50.22000122,1162700
5/17/2023,50.43000031,3436400,100.4100037,1095500,91.59999847,5415400,50.54999924,987500,110.2600021,2634100,50.22999954,540000
5/18/2023,50.45999908,3598400,100.4400024,1892500,91.65000153,6434000,50.56999969,1219600,110.2900009,1689800,50.22000122,1024700
5/19/2023,50.45000076,3856400,100.4499969,1325100,91.65000153,6438100,50.56999969,1274500,110.2900009,2004000,50.20999908,721800
5/22/2023,50.47000122,2761900,100.4599991,1356300,91.66000366,8404900,50.58000183,1089700,110.2900009,1988600,50.22999954,990900
5/23/2023,50.45999908,5182900,100.4800034,1877900,91.66000366,5050500,50.59000015,677800,110.3099976,5272200,50.25,500400
5/24/2023,50.24000168,6371000,100.4800034,2186900,91.66000366,4762100,50.58000183,1045000,110.3099976,2867900,50.24000168,797500
5/25/2023,50.29000092,4929000,100.5400009,2024700,91.72000122,5264000,50.61000061,1027200,110.3600006,2135900,50.22000122,1580900
5/26/2023,50.29000092,2896400,100.5699997,1473700,91.73999786,5923200,50.61999893,1369900,110.3799973,1506700,50.20000076,1146100
5/30/2023,50.29999924,5060600,100.5899963,2039800,91.75,11529300,50.65000153,877600,110.3899994,2987300,50.27000046,975300
5/31/2023,50.33000183,4618900,100.5899963,3443000,91.76999664,9807400,50.65000153,1112300,110.4100037,2382000,50.31000137,1136700
6/1/2023,50.34000015,6550700,100.2300034,3887000,91.44999695,10700500,50.45999908,2257300,110,3695100,50.13000107,1107500
6/2/2023,50.36000061,3409000,100.2300034,2530800,91.45999908,10254400,50.45999908,1984600,110.0100021,3733800,50.08000183,1583300
6/5/2023,50.36000061,3580000,100.25,2639000,91.45999908,9596600,50.47000122,1736600,110.0100021,2258200,50.11000061,1629300
6/6/2023,50.38000107,7852100,100.2799988,2431700,91.48000336,6120900,50.47999954,1426000,110.0299988,2077100,50.13999939,571700
6/7/2023,50.38000107,2678900,100.2900009,2451600,91.48999786,6483100,50.49000168,1398600,110.0500031,1587700,50.13999939,524600
6/8/2023,50.38999939,3087400,100.3300018,1433100,91.54000092,8802000,50.50999832,1019200,110.1200027,2594000,50.15999985,783800
6/9/2023,50.40999985,2263200,100.3399963,2619600,91.55000305,6452300,50.52999878,2125800,110.1200027,3590300,50.13999939,777900
6/12/2023,50.40999985,2213200,100.3600006,1647000,91.55999756,3776900,50.52000046,927400,110.1399994,2289000,50.15999985,759100
6/13/2023,50.40999985,3545100,100.3700027,2320600,91.58000183,6784200,50.52999878,1339900,110.1600037,2552400,50.16999817,661900
6/14/2023,50.40999985,2758800,100.3899994,1624100,91.59999847,5756300,50.54000092,946500,110.1699982,1831700,50.18000031,747800
6/15/2023,50.43000031,11465400,100.4400024,1901500,91.63999939,9827300,50.54999924,1222600,110.25,3645600,50.20000076,1197200
6/16/2023,50.43999863,4123400,100.4400024,2268200,91.65000153,4764900,50.56999969,904000,110.2600021,3496200,50.20000076,972200
6/20/2023,50.45000076,5576300,100.4700012,3109100,91.66999817,6174300,50.58000183,1032400,110.2600021,2003600,50.20000076,833900
6/21/2023,50.47000122,3207300,100.4800034,1798200,91.66999817,4945300,50.59000015,807300,110.2699966,2147100,50.24000168,543800
6/22/2023,50.49000168,3334000,100.5199966,1363200,91.70999908,4698400,50.61000061,760300,110.3099976,2202400,50.24000168,808100
6/23/2023,50.5,3879900,100.5400009,1187700,91.72000122,3846600,50.59999847,1294700,110.3199997,2325300,50.27000046,1153800
6/26/2023,50.29000092,4441100,100.5500031,2400900,91.73000336,7241300,50.61999893,1354900,110.3399963,2518900,50.27000046,542200
6/27/2023,50.29999924,3542500,100.5599976,1668000,91.75,5476300,50.63000107,1510600,110.3600006,2218500,50.27000046,690500
6/28/2023,50.29000092,2991500,100.5899963,2234700,91.76000214,4486800,50.63000107,1294200,110.3700027,4559800,50.29000092,529500
6/29/2023,50.31000137,2847400,100.6299973,2015600,91.79000092,5728000,50.65000153,938600,110.3899994,2981600,50.27999878,610000
6/30/2023,50.31999969,3409200,100.6299973,4401000,91.81999969,8046600,50.66999817,1272900,110.4499969,4592700,50.29999924,519600
7/3/2023,50.34000015,5354300,100.2600021,3589900,91.47000122,7158200,50.47000122,1294800,110.0100021,3995900,50.11000061,461600
7/5/2023,50.36000061,2455400,100.2699966,2078500,91.48000336,7981500,50.45999908,1191400,110.0299988,4003500,50.09999847,703200
7/6/2023,50.38999939,4385000,100.3099976,6204900,91.51000214,7570000,50.5,1160700,110.0899963,2023100,50.11000061,842800
7/7/2023,50.38999939,2812800,100.3199997,2016500,91.51999664,6484900,50.5,609700,110.0899963,2537000,50.13999939,765100
7/10/2023,50.38999939,3804400,100.3300018,2072800,91.54000092,4186000,50.50999832,857300,110.1100006,4577000,50.18000031,700400
7/11/2023,50.41999817,3405700,100.3399963,2155900,91.55000305,5569100,50.52999878,2255400,110.1100006,2289500,50.18999863,560200
7/12/2023,50.40000153,5251800,100.3600006,2323900,91.56999969,7188100,50.52000046,1470400,110.1399994,3731400,50.22999954,680300
7/13/2023,50.43000031,3605500,100.4000015,2442000,91.61000061,5902600,50.54999924,1578400,110.1999969,2262000,50.22999954,1227900
7/14/2023,50.43000031,3811100,100.4100037,4712200,91.62000275,6502400,50.56000137,1192900,110.2099991,5841200,50.22000122,727800
7/17/2023,50.45999908,2724300,100.4300003,1728200,91.62999725,3932600,50.56999969,923000,110.2200012,2055100,50.22999954,997700
7/18/2023,50.45000076,3763200,100.4400024,1863100,91.62999725,4791000,50.56999969,1244300,110.2300034,4510800,50.25,741600
7/19/2023,50.45999908,2881600,100.4599991,1467800,91.65000153,5132100,50.56999969,1018000,110.25,2542500,50.27000046,757900
7/20/2023,50.47999954,2701500,100.5,1409500,91.69999695,5047600,50.61000061,74721700,110.3000031,1943200,50.25,796400
7/21/2023,50.49000168,3226200,100.5100021,1448900,91.69999695,4086300,50.61999893,7991700,110.3099976,1897600,50.27000046,775200
7/24/2023,50.47999954,7643500,100.5299988,1536000,91.70999908,3752400,50.63000107,2647000,110.3199997,2149200,50.27999878,838100
7/25/2023,50.29000092,6799100,100.5400009,1282900,91.72000122,4170500,50.63000107,4950700,110.3300018,1580300,50.29000092,596900
7/26/2023,50.29999924,2796500,100.5599976,1641900,91.73000336,4700000,50.63000107,2136100,110.3499985,1419400,50.31000137,550800
7/27/2023,50.31000137,4929200,100.5999985,1512500,91.77999878,4727800,50.66999817,1666400,110.3899994,2167500,50.31000137,1048900
7/28/2023,50.31999969,3215800,100.6200027,1323400,91.79000092,3709200,50.66999817,2092800,110.4199982,1572900,50.34000015,668000
7/31/2023,50.34000015,2739800,100.6200027,3955300,91.80000305,6716600,50.66999817,2246700,110.4400024,2373400,50.34999847,699600
8/1/2023,50.34999847,4616400,100.1999969,4694200,91.43000031,13360200,50.52000046,6229900,109.9899979,3038700,50.13000107,569200
8/2/2023,50.36000061,3042400,100.2300034,2059600,91.44000244,8208300,50.52999878,2334900,110.0100021,2793000,50.13999939,1263300
8/3/2023,50.38000107,4875400,100.2600021,2615000,91.48000336,5681100,50.54000092,1709200,110.0500031,2999700,50.15000153,508300
8/4/2023,50.38000107,3286200,100.2799988,2244200,91.5,6191000,50.56000137,1751500,110.0800018,2447300,50.18000031,491000
8/7/2023,50.38999939,3064500,100.2900009,2017300,91.5,5978000,50.56000137,1713600,110.0800018,1724600,50.18999863,825500
8/8/2023,50.38999939,2605100,100.3000031,2138300,91.51999664,6517900,50.56000137,1506800,110.0999985,1641400,50.22000122,939100
8/9/2023,50.40999985,3293800,100.3300018,1914100,91.52999878,4293000,50.58000183,4082500,110.1100006,2524700,50.22999954,1007700
8/10/2023,50.43000031,2641400,100.3600006,3643500,91.58000183,5120600,50.59000015,1434300,110.1600037,1625600,50.22000122,2868200
8/11/2023,50.43000031,2368100,100.3700027,1931200,91.58999634,3667100,50.61000061,1605100,110.1800003,1362100,50.24000168,725200
8/14/2023,50.43000031,2194200,100.4000015,2367100,91.59999847,6596100,50.61999893,1424000,110.1999969,1544100,50.22999954,832500
8/15/2023,50.45999908,3203500,100.4100037,2725000,91.61000061,4853100,50.61999893,1899800,110.2200012,1889300,50.22999954,797300
8/16/2023,50.45000076,3556000,100.4300003,3010900,91.62999725,7890300,50.63000107,2443000,110.2300034,2351500,50.25,1174400
8/17/2023,50.47000122,3749400,100.4700012,5092100,91.66999817,5621700,50.65000153,3169000,110.2799988,2526700,50.27999878,1016100
8/18/2023,50.47999954,3888200,100.4800034,2602500,91.68000031,6767800,50.65999985,1679600,110.2900009,1847400,50.27000046,1118700
8/21/2023,50.47999954,3857400,100.4899979,1967100,91.69000244,5959700,50.65000153,1420000,110.3000031,2102900,50.27999878,641600
8/22/2023,50.5,3819700,100.5,2328400,91.69999695,5790300,50.65999985,1620500,110.3199997,1374200,50.29000092,874300
8/23/2023,50.50999832,3995500,100.5299988,2200200,91.72000122,9529300,50.68000031,1311100,110.3399963,3148900,50.31000137,1032800
8/24/2023,50.50999832,4592400,100.5699997,2699900,91.75,6746700,50.70000076,1253700,110.3899994,1804700,50.31999969,573200
8/25/2023,50.29000092,7044300,100.5800018,1902900,91.76999664,4883000,50.70000076,1490900,110.3899994,1789200,50.31999969,533300
8/28/2023,50.29000092,3739700,100.5999985,1406500,91.79000092,4264100,50.70999908,1341100,110.4000015,1200700,50.34000015,970500
8/29/2023,50.29999924,3842300,100.6200027,2521800,91.77999878,9168200,50.72000122,1583800,110.4300003,2058300,50.36999893,863300
8/30/2023,50.31000137,4951500,100.6200027,1908500,91.80000305,6427000,50.70999908,2074100,110.4400024,1821500,50.36000061,995100
8/31/2023,50.34000015,3701400,100.6699982,4114400,91.86000061,7771500,50.74000168,1927400,110.5,2688100,50.38999939,1131600
9/1/2023,50.34999847,5262900,100.2699966,6906700,91.47000122,21532000,50.52999878,3150000,110.0699997,4624700,50.16999817,2109300
9/5/2023,50.36000061,2421800,100.2799988,2632600,91.48999786,8316300,50.54000092,1164800,110.0699997,2863100,50.18999863,745100
9/6/2023,50.36999893,3953400,100.3000031,2724500,91.48999786,6524800,50.54000092,1660800,110.0899963,2136900,50.20000076,1103000
9/7/2023,50.38999939,2689000,100.3499985,2697700,91.54000092,6808100,50.56999969,1007900,110.1500015,2119400,50.24000168,721900
9/8/2023,50.40000153,2405400,100.3600006,2149500,91.55000305,6393300,50.58000183,869800,110.1600037,3441500,50.24000168,1574200
9/11/2023,50.40000153,3018400,100.3700027,1968400,91.55000305,8027100,50.59000015,1234800,110.1800003,3088500,50.25,818700
9/12/2023,50.40999985,4584700,100.3799973,1728600,91.58000183,9948400,50.59999847,1244100,110.1900024,2338300,50.24000168,593800
9/13/2023,50.40000153,4204500,100.4100037,2152000,91.58999634,4696200,50.59999847,1739500,110.2099991,1776400,50.25999832,488700
9/14/2023,50.43000031,2967000,100.4400024,2075300,91.62000275,4214800,50.63000107,1399700,110.2600021,2391700,50.25999832,821900
9/15/2023,50.43999863,2921500,100.4599991,2291900,91.63999939,4684600,50.63000107,1899300,110.2699966,2478100,50.27000046,952700
9/18/2023,50.45000076,2872000,100.4700012,2307700,91.65000153,7376200,50.63000107,1123900,110.2900009,2617600,50.27000046,1160600
9/19/2023,50.45999908,2422300,100.4800034,1702900,91.66000366,4357400,50.63999939,906900,110.2900009,1920100,50.29999924,1506800
9/20/2023,50.47000122,3476300,100.5100021,1965900,91.66999817,5946200,50.65000153,1470400,110.3099976,1742000,50.31000137,643200
9/21/2023,50.47999954,4726400,100.5400009,3186500,91.72000122,7522700,50.68000031,1742900,110.3600006,2436500,50.31000137,907100
9/22/2023,50.47999954,4097000,100.5599976,3379500,91.73000336,15684400,50.66999817,2080400,110.3799973,1631300,50.33000183,1396900
9/25/2023,50.27999878,6879100,100.5800018,2866300,91.73999786,7492000,50.68999863,2139900,110.3899994,2278900,50.34000015,1248600
9/26/2023,50.27999878,4111500,100.5800018,2836000,91.75,7130600,50.70000076,1394100,110.4000015,2637200,50.34999847,1092800
9/27/2023,50.27999878,5884600,100.6100006,3450300,91.77999878,7669700,50.70999908,2329400,110.4199982,2963100,50.34000015,683700
9/28/2023,50.29000092,7377400,100.6399994,2880000,91.80999756,8426400,50.72999954,2763500,110.4700012,2534400,50.36000061,1155500
9/29/2023,50.31999969,6520800,100.6699982,5685600,91.81999969,9068000,50.74000168,1894800,110.4700012,5280700,50.38000107,564300
10/2/2023,50.33000183,5352200,100.2699966,6244400,91.44000244,22550400,50.52000046,2755000,110.0299988,3776800,50.18000031,1258800
10/3/2023,50.33000183,5727900,100.2799988,4955000,91.45999908,10648800,50.54000092,3459100,110.0400009,5402100,50.20999908,1647500
10/4/2023,50.33000183,4381900,100.3000031,3347400,91.47000122,26575700,50.54000092,1704400,110.0800018,16858300,50.20999908,2025300
10/5/2023,50.36000061,5072800,100.3600006,3345400,91.52999878,8295300,50.58000183,1417700,110.1399994,3781200,50.22999954,928800
10/6/2023,50.36999893,8148900,100.3700027,3147600,91.52999878,9848300,50.58000183,2498100,110.1500015,3299800,50.22000122,822500
10/9/2023,50.38000107,2573200,100.3799973,2533900,91.54000092,5972300,50.58000183,1689600,110.1600037,2536000,50.25,683500
10/10/2023,50.38000107,3074500,100.3799973,2865400,91.54000092,8463700,50.58000183,1835600,110.1699982,3038200,50.25999832,1042200
10/11/2023,50.38999939,3632200,100.4000015,2673500,91.55999756,6839400,50.59000015,2306600,110.1800003,3782200,50.27000046,1191300
10/12/2023,50.40999985,3779000,100.4499969,2064200,91.59999847,7528700,50.61999893,1091600,110.2399979,2267900,50.27000046,1151000
10/13/2023,50.41999817,4158600,100.4499969,2499400,91.62000275,15013900,50.61999893,1380400,110.2600021,2263200,50.27999878,580000
10/16/2023,50.43000031,6080700,100.4800034,2622000,91.62999725,8181800,50.63000107,1431400,110.2699966,2419600,50.27000046,857100
10/17/2023,50.43999863,6502100,100.4899979,2367400,91.63999939,5363200,50.63999939,1477500,110.2799988,2370000,50.29000092,577200
10/18/2023,50.43999863,3676200,100.5100021,5428500,91.65000153,6069500,50.63999939,2020700,110.2900009,2193500,50.27999878,1040800
10/19/2023,50.45999908,3429300,100.5500031,2599100,91.69000244,4551500,50.65999985,4573600,110.3399963,2345100,50.31000137,819700
10/20/2023,50.47999954,5297000,100.5699997,2805900,91.70999908,4876100,50.68000031,2182000,110.3700027,2835300,50.31999969,3112200
10/23/2023,50.49000168,6224900,100.5899963,2585300,91.72000122,14352700,50.68999863,1970200,110.3899994,2013900,50.33000183,1150000
10/24/2023,50.49000168,4588700,100.5999985,2151500,91.73000336,12544200,50.68999863,1499500,110.4000015,1658300,50.34000015,1369300
10/25/2023,50.27000046,5958600,100.5999985,3023800,91.73999786,12376000,50.68999863,1841600,110.4000015,1848500,50.34000015,1549400
10/26/2023,50.29000092,6295400,100.6600037,2870600,91.77999878,9920000,50.72000122,2268700,110.4700012,1647800,50.36999893,1279800
10/27/2023,50.29999924,4989900,100.6600037,3906000,91.80999756,28351200,50.74000168,1947400,110.4899979,2058500,50.38000107,1642900
10/30/2023,50.31999969,3919700,100.6800003,3542400,91.81999969,25136900,50.74000168,2644500,110.5,3156500,50.38999939,861400
10/31/2023,50.31999969,3811200,100.6999969,4720800,91.81999969,16748400,50.75,2335000,110.5,3445500,50.40000153,838000
11/1/2023,50.34000015,7616200,100.2900009,9100400,91.44000244,25791900,50.54000092,2895000,110.0699997,3890900,50.20000076,2368400
11/2/2023,50.34999847,10355200,100.3300018,3989700,91.47000122,11970800,50.54000092,1805100,110.1200027,2476700,50.20999908,2190000
11/3/2023,50.36000061,4739600,100.3399963,3343600,91.48000336,13708100,50.54999924,3577500,110.1500015,4368900,50.24000168,1648200
11/6/2023,50.38000107,4595100,100.3600006,3746500,91.48999786,28039200,50.56999969,2141100,110.1399994,16525200,50.24000168,1840200
11/7/2023,50.38000107,3608300,100.3600006,3550900,91.51000214,6951000,50.56999969,2247900,110.1699982,3892100,50.25,1286000
11/8/2023,50.38000107,2910800,100.3799973,3479900,91.51999664,9180800,50.58000183,1409000,110.1800003,2275700,50.25999832,1067600
11/9/2023,50.40999985,3011900,100.4300003,2604100,91.56999969,11886800,50.61000061,2067200,110.2200012,2394300,50.27000046,786500
11/10/2023,50.40000153,4500800,100.4300003,3029700,91.58000183,5556400,50.59000015,2505900,110.25,2431100,50.25,1270600
11/13/2023,50.43000031,3494300,100.4400024,7757900,91.58999634,6166700,50.61999893,1571000,110.2600021,3531500,50.27999878,1453700
11/14/2023,50.41999817,4247300,100.4800034,3774800,91.59999847,11126500,50.61000061,2352200,110.3000031,3791000,50.33000183,1828700
11/15/2023,50.41999817,5078300,100.4800034,3981800,91.62000275,10552700,50.61999893,2938400,110.3099976,3029000,50.33000183,2287600
11/16/2023,50.45000076,3900400,100.5299988,2420200,91.66000366,7802900,50.63999939,1593200,110.3700027,3288800,50.34999847,915700
11/17/2023,50.45000076,3663200,100.5500031,2158800,91.68000031,6783200,50.63999939,1939600,110.3799973,2997500,50.34999847,1180100
11/20/2023,50.45999908,4752800,100.5599976,2597700,91.68000031,8494100,50.65000153,2495900,110.3899994,3046900,50.36999893,1661400
11/21/2023,50.45999908,5823500,100.5899963,2011400,91.70999908,13067100,50.65999985,1324700,110.4300003,2160100,50.38999939,1070300
11/22/2023,50.49000168,3880100,100.6299973,2190400,91.75,7626700,50.70000076,1391000,110.4700012,1466100,50.40999985,1048800
11/24/2023,50.27000046,2441300,100.6600037,1104400,91.76000214,2839000,50.70000076,1339200,110.4800034,1088500,50.43000031,225500
11/27/2023,50.27999878,3800100,100.6600037,2890600,91.76999664,9166000,50.70999908,1657000,110.5,2078900,50.43000031,1185900
11/28/2023,50.29000092,3660300,100.6699982,1779200,91.79000092,7244700,50.70999908,1356300,110.5299988,2128100,50.45999908,1549400
11/29/2023,50.29000092,4209400,100.6999969,2921000,91.80000305,6942200,50.72999954,1967100,110.5500031,2579400,50.47999954,723100
11/30/2023,50.31999969,3987200,100.7300034,6294600,91.83999634,18629900,50.75,2708400,110.5899963,4696300,50.47999954,1792200
12/1/2023,50.31999969,4444400,100.3199997,6700700,91.44000244,21228200,50.52000046,3466500,110.1399994,3956700,50.31000137,1555800
12/4/2023,50.33000183,5435700,100.3300018,3521600,91.44000244,15503000,50.52000046,1967900,110.1500015,3353800,50.29999924,1354200
12/5/2023,50.33000183,6213200,100.3499985,2138900,91.45999908,6463400,50.54000092,1935000,110.1699982,2561300,50.31999969,1399000
12/6/2023,50.34000015,3922700,100.3499985,2371200,91.47000122,6941700,50.54000092,1756000,110.1900024,2971500,50.34000015,2017400
12/7/2023,50.34000015,4845100,100.4000015,2551100,91.51000214,7369300,50.54999924,2066900,110.2399979,1660500,50.36000061,652300
12/8/2023,50.34999847,8334100,100.4100037,2496200,91.52999878,5714900,50.56000137,1700800,110.2399979,1784800,50.34999847,941100
12/11/2023,50.34999847,3240700,100.4300003,2478600,91.55000305,5613500,50.56000137,1505700,110.2399979,2079700,50.36000061,913600
12/12/2023,50.38999939,4941400,100.4400024,2250300,91.55000305,7885900,50.58000183,1195200,110.2699966,1542100,50.36000061,1083300
12/13/2023,50.38000107,5496300,100.4499969,4326000,91.55999756,6781800,50.58000183,2016000,110.3099976,2361500,50.40999985,1762200
12/14/2023,50.38999939,24328900,100.0500031,5268100,91.59999847,13475400,50.36999893,5622200,109.8600006,3413500,50.22000122,2132300
12/15/2023,50.38999939,12928100,100.0599976,3403000,91.62999725,6902400,50.38000107,2354600,109.8700027,2702800,50.22000122,1219700
12/18/2023,50.40999985,4309400,100.0699997,4107700,91.22000122,8910900,50.38999939,2009500,109.8899994,2280800,50.22999954,3229600
12/19/2023,50.41999817,3921600,100.0999985,4336200,91.22000122,6977300,50.38999939,2413400,109.8899994,7442000,50.25,1140400
12/20/2023,50.41999817,3888200,100.1100006,4477200,91.23999786,8098700,50.40000153,1562000,109.9199982,3083400,50.25999832,1814300
12/21/2023,50.45000076,6409700,100.1699982,4097500,91.30000305,5055200,50.40999985,2605900,109.9899979,2516100,50.29000092,902300
12/22/2023,50.20999908,5572900,100.1800003,3349900,91.30999756,7443300,50.43000031,2146600,110.0100021,2083600,50.31000137,1272800
12/26/2023,50.20999908,4673300,100.1900024,2559900,91.33000183,4638800,50.43000031,1581100,110.0299988,1930800,50.31999969,1301800
12/27/2023,50.20999908,3949500,100.1999969,3096500,91.33000183,4717700,50.43999863,1836100,110.0299988,1892100,50.34000015,1292700
12/28/2023,50.24000168,3977400,100.2600021,3386700,91.38999939,5605100,50.47000122,1498900,110.0999985,1714600,50.34999847,857100
12/29/2023,50.24000168,6284300,100.2699966,3186200,91.38999939,5576800,50.47000122,1614600,110.1299973,1848100,50.36000061,741700
1/2/2024,50.25999832,5346200,100.2900009,5286200,91.40000153,9445500,50.47000122,2076300,110.1200027,2636900,50.36999893,746800
1/3/2024,50.25999832,3639100,100.3000031,4597300,91.43000031,6793500,50.49000168,1616000,110.1299973,2320600,50.38000107,1336000
1/4/2024,50.29000092,2748000,100.3499985,2794100,91.45999908,5840200,50.50999832,1387900,110.1800003,1616100,50.36999893,1214200
1/5/2024,50.29999924,5029900,100.3600006,3472700,91.47000122,4980900,50.52000046,1359600,110.1900024,2076900,50.38999939,1025500
1/8/2024,50.29999924,3434900,100.3899994,2867500,91.48000336,4889900,50.50999832,1595000,110.2099991,2264900,50.40000153,951500
1/9/2024,50.29999924,2505200,100.4000015,2419800,91.48999786,5080800,50.52999878,999500,110.2200012,1625000,50.40999985,1175400
1/10/2024,50.31000137,3480800,100.4199982,1961400,91.51000214,8798600,50.52999878,1199800,110.2399979,1740400,50.41999817,696700
1/11/2024,50.34999847,6435500,100.4800034,3164900,91.55999756,5947100,50.56000137,1369200,110.3099976,1688000,50.45000076,1205600
1/12/2024,50.34000015,2835300,100.4899979,2543000,91.58000183,5040400,50.58000183,1772100,110.3399963,1529800,50.49000168,1465300
1/16/2024,50.36000061,4429000,100.5,2713000,91.58999634,6485200,50.59000015,1927000,110.3399963,2360600,50.49000168,752200
1/17/2024,50.36000061,4574800,100.5100021,2317700,91.61000061,5915700,50.58000183,1334600,110.3600006,2662400,50.47999954,1819600
1/18/2024,50.38999939,5276700,100.5500031,2672000,91.65000153,5270500,50.59999847,1213200,110.3899994,2113500,50.52000046,1198700
1/19/2024,50.40000153,3622600,100.5800018,3628500,91.66000366,5374800,50.61999893,1246500,110.4199982,3889500,50.52000046,1033600
1/22/2024,50.40999985,10361500,100.5899963,4307000,91.66999817,6114000,50.63000107,1651700,110.4400024,3950600,50.52999878,1467100
1/23/2024,50.40999985,3314500,100.6100006,2066200,91.68000031,4961800,50.63000107,1732100,110.4400024,2189700,50.54000092,1237700
1/24/2024,50.41999817,4312000,100.6200027,3441600,91.69000244,6486100,50.65000153,2084900,110.4499969,2404000,50.54000092,1041700
1/25/2024,50.22999954,6035300,100.6699982,2426000,91.73999786,6059500,50.65000153,20798300,110.5100021,2982500,50.56999969,750300
1/26/2024,50.22999954,4759800,100.6699982,2059100,91.75,5612900,50.66999817,3674700,110.5199966,1729200,50.56000137,3010400
1/29/2024,50.24000168,3312400,100.6800003,2914400,91.76000214,5646100,50.68000031,1951400,110.5299988,1638100,50.58000183,1506700
1/30/2024,50.25,3733800,100.7099991,3741000,91.76999664,30704200,50.68999863,1811000,110.5400009,1803000,50.58000183,2298100
1/31/2024,50.27999878,5306200,100.7099991,5171300,91.77999878,10964400,50.70000076,2025900,110.5699997,3478000,50.59999847,2686000
2/1/2024,50.29000092,4219100,100.3099976,7038600,91.41999817,14759200,50.47000122,2775100,110.1699982,3815600,50.40999985,1331200
2/2/2024,50.29000092,4420500,100.3199997,3853800,91.44000244,8133100,50.49000168,2821700,110.1399994,2810200,50.38999939,2217500
2/5/2024,50.31999969,4254100,100.3399963,3969400,91.44000244,6923400,50.50999832,3716200,110.1500015,2435500,50.40000153,896200
2/6/2024,50.34000015,4150900,100.3499985,2167300,91.45999908,5037900,50.52999878,2171800,110.1800003,2110800,50.40999985,968500
2/7/2024,50.34000015,3417200,100.3700027,2621200,91.47000122,8475400,50.52000046,2154200,110.1999969,1388100,50.40999985,1242200
2/8/2024,50.36999893,3749700,100.4000015,3838700,91.51000214,5406300,50.56000137,4788100,110.25,1722500,50.41999817,804700
2/9/2024,50.38999939,3723500,100.4300003,3232500,91.51999664,5087000,50.54999924,6272700,110.2600021,2605400,50.41999817,725800
2/12/2024,50.38000107,3159600,100.4300003,2792700,91.54000092,7216800,50.56000137,3193300,110.2699966,1967400,50.43000031,1082200
2/13/2024,50.40000153,3686700,100.4499969,3009000,91.54000092,7655100,50.58000183,1424200,110.25,2706700,50.40999985,730000
2/14/2024,50.40999985,2626500,100.4700012,2614100,91.55999756,6028000,50.59000015,1375300,110.2900009,1773600,50.43000031,739800
2/15/2024,50.41999817,2831200,100.5199966,2577800,91.61000061,4800600,50.61000061,1740600,110.3499985,1816600,50.45999908,863100
2/16/2024,50.43999863,3478600,100.5299988,2914300,91.62999725,6040000,50.63000107,1834100,110.3499985,1548000,50.45999908,689800
2/20/2024,50.43999863,3551300,100.5500031,3268600,91.63999939,4841100,50.63000107,1214100,110.3700027,1756600,50.49000168,789000
2/21/2024,50.45999908,3003500,100.5599976,2316600,91.65000153,5168000,50.63999939,1818300,110.3799973,1647100,50.47999954,572200
2/22/2024,50.45999908,3646200,100.5999985,2452200,91.69999695,7474000,50.65000153,1919900,110.4199982,2546500,50.49000168,772400
2/23/2024,50.25999832,5173200,100.6299973,2010100,91.70999908,5608600,50.65999985,1290000,110.4400024,3266400,50.5,726600
2/26/2024,50.27999878,4448100,100.6399994,2645100,91.70999908,4644800,50.66999817,1624600,110.4400024,1684700,50.50999832,1406300
2/27/2024,50.27999878,3907600,100.6600037,2360300,91.73000336,6027500,50.68000031,1292800,110.4599991,1576600,50.50999832,878100
2/28/2024,50.29000092,3604900,100.6699982,4526200,91.73999786,3917600,50.68000031,1907900,110.4700012,2040800,50.52999878,3210900
2/29/2024,50.29999924,4538200,100.6999969,5560200,91.77999878,13028900,50.70000076,1532500,110.5299988,3311000,50.54999924,1804800
3/1/2024,50.31000137,3214700,100.3199997,7519900,91.44999695,13039200,50.5,2785200,110.1100006,3756000,50.34999847,1551500
3/4/2024,50.33000183,3138000,100.3300018,3613500,91.45999908,8628300,50.5,2132800,110.1200027,2742300,50.34999847,1159200
3/5/2024,50.33000183,2638600,100.3399963,3905300,91.45999908,10329500,50.52000046,1182500,110.1399994,2585300,50.38999939,1081600
3/6/2024,50.33000183,3107000,100.3600006,2760000,91.48000336,6752000,50.52000046,1349100,110.1600037,1889800,50.38999939,808400
3/7/2024,50.36000061,3799000,100.4100037,2415500,91.51999664,4388600,50.54999924,1933100,110.1999969,2023200,50.40999985,904700
3/8/2024,50.36000061,2989200,100.4199982,3725000,91.52999878,4274000,50.56000137,1326000,110.2099991,2190200,50.41999817,988600
3/11/2024,50.36999893,4355900,100.4400024,3238400,91.54000092,5117900,50.56000137,1386100,110.2200012,1731900,50.41999817,838900
3/12/2024,50.38000107,3116500,100.4499969,2613300,91.56999969,4136600,50.56999969,839000,110.2399979,1443800,50.40999985,924000
3/13/2024,50.38000107,2400100,100.4599991,2249300,91.56999969,4478400,50.56999969,1315300,110.25,1552200,50.41999817,563900
3/14/2024,50.40000153,2391600,100.5,3469600,91.61000061,4603000,50.59000015,47744300,110.3000031,2071800,50.43000031,1020000
3/15/2024,50.40999985,3141600,100.5199966,3262200,91.62999725,4378800,50.59999847,5676600,110.3199997,1722300,50.43000031,686200
3/18/2024,50.41999817,2972200,100.5299988,3576200,91.63999939,5594400,50.59999847,15363500,110.3300018,2056900,50.43000031,1630300
3/19/2024,50.43999863,3508600,100.5500031,2661900,91.66000366,5681900,50.61000061,2341700,110.3399963,1860600,50.45999908,526300
3/20/2024,50.43000031,2861100,100.5599976,2492700,91.66999817,4398200,50.61999893,2144600,110.3700027,2372200,50.49000168,669200
3/21/2024,50.45999908,4240800,100.5999985,3547400,91.69999695,7534900,50.65000153,1915200,110.4100037,2078900,50.5,1568000
3/22/2024,50.24000168,4171100,100.6200027,2626000,91.70999908,4674800,50.65000153,1639300,110.4400024,1355000,50.50999832,1103700
3/25/2024,50.25,3032100,100.6399994,2422900,91.73000336,4050000,50.66999817,1735300,110.4400024,3515600,50.50999832,766800
3/26/2024,50.25999832,4526800,100.6500015,3181700,91.73999786,4276000,50.65999985,2326800,110.4599991,1203000,50.52999878,1314300
3/27/2024,50.27999878,5864500,100.6999969,2990800,91.80000305,5350700,50.68999863,1371100,110.5299988,1826900,50.54999924,1312200
3/28/2024,50.29000092,3929500,100.7099991,5425800,91.80000305,10199200,50.68999863,2805400,110.5400009,2490800,50.56000137,2255300
4/1/2024,50.31000137,4797200,100.2900009,7395400,91.41999817,14208200,50.43999863,2935900,110.0699997,4439200,50.33000183,1515500
4/2/2024,50.31000137,3295700,100.3099976,4202900,91.44000244,8902500,50.45999908,1864900,110.0800018,5076300,50.34999847,2367000
4/3/2024,50.33000183,3131200,100.3199997,4333600,91.44000244,8433900,50.47000122,1515800,110.0899963,2873100,50.36999893,971400
4/4/2024,50.34000015,2907100,100.3700027,3427500,91.48000336,6620400,50.49000168,2068800,110.1600037,2585600,50.38000107,754000
4/5/2024,50.34999847,3600400,100.3799973,3092700,91.5,5439700,50.49000168,1455600,110.1699982,2032300,50.38000107,748300
4/8/2024,50.36000061,3006100,100.4000015,3511400,91.51000214,4983800,50.5,1148800,110.1800003,1564200,50.38999939,648800
4/9/2024,50.38000107,6109100,100.4100037,3587200,91.51999664,5578100,50.52000046,1176400,110.1900024,1467600,50.40000153,1086100
4/10/2024,50.38999939,3521800,100.4300003,3893100,91.54000092,4799700,50.52999878,2067400,110.1800003,2877600,50.36999893,914100
4/11/2024,50.41999817,4598400,100.4700012,3521100,91.56999969,5081500,50.54999924,2189100,110.2300034,3432400,50.38999939,1662200
4/12/2024,50.43000031,5624100,100.4800034,4209700,91.58000183,6993100,50.54999924,1609900,110.2399979,2400000,50.38999939,1177000
4/15/2024,50.43999863,5872900,100.5,4144700,91.59999847,7376700,50.56000137,2307300,110.25,3945500,50.38999939,1875200
4/16/2024,50.45999908,5568800,100.5,4850000,91.61000061,8427000,50.56999969,2138800,110.2600021,3752800,50.40000153,1023400
4/17/2024,50.45000076,3939200,100.5299988,3688400,91.62000275,10975300,50.58000183,1320000,110.2799988,1804000,50.40000153,660000
4/18/2024,50.47000122,3409200,100.5599976,3235600,91.66999817,7379200,50.59000015,2068300,110.3300018,3423200,50.43000031,661100
4/19/2024,50.47999954,3568800,100.5899963,3245700,91.68000031,6766300,50.59999847,1710600,110.3499985,2222700,50.43999863,1110900
4/22/2024,50.5,3502200,100.5999985,3547400,91.69999695,6628400,50.61999893,1600300,110.3600006,3896800,50.45999908,1135400
4/23/2024,50.5,4335500,100.6100006,4233300,91.70999908,5991900,50.63000107,1757800,110.3799973,2211300,50.45999908,620400
4/24/2024,50.27999878,5463900,100.6200027,3200000,91.70999908,7103500,50.63000107,1465300,110.4000015,2033000,50.45999908,690800
4/25/2024,50.31000137,5520000,100.6699982,2705900,91.76000214,5351100,50.65000153,3481500,110.4300003,1901700,50.47999954,582700
4/26/2024,50.31999969,4186500,100.6900024,3008600,91.76000214,6842800,50.66999817,1523900,110.4499969,1744900,50.49000168,526300
4/29/2024,50.31999969,3377100,100.6900024,2501900,91.77999878,7880000,50.68000031,1367300,110.4599991,2577700,50.5,504200
4/30/2024,50.34000015,4456000,100.6999969,6488000,91.79000092,13723600,50.68000031,3943600,110.4700012,2763000,50.5,1794400
5/1/2024,50.36000061,5042800,100.3099976,8406600,91.41999817,13814700,50.47999954,2426600,110.0400009,3307800,50.31999969,965500
5/2/2024,50.36000061,4055400,100.3499985,4369600,91.47000122,8928200,50.50999832,2685000,110.0899963,3285300,50.34999847,1493200
5/3/2024,50.38000107,2878100,100.3700027,4792400,91.48000336,7417900,50.5,1511900,110.1100006,2206300,50.36000061,737900
5/6/2024,50.38000107,3561200,100.3799973,3623700,91.48000336,8051000,50.52000046,2833100,110.1200027,2422800,50.36999893,970700
5/7/2024,50.38999939,4049800,100.3799973,3591500,91.48999786,5471700,50.52999878,2265300,110.1299973,2268700,50.38000107,1114600
5/8/2024,50.40000153,3617700,100.4100037,3109400,91.51000214,4992500,50.52999878,1955500,110.1500015,1464400,50.38999939,655900
5/9/2024,50.41999817,3007400,100.4400024,2739600,91.55999756,5300400,50.56000137,1724700,110.1900024,1654800,50.40000153,600700
5/10/2024,50.43000031,2667500,100.4700012,3005800,91.55999756,4157600,50.54999924,1347100,110.2099991,1421600,50.40000153,790300
5/13/2024,50.43000031,2572600,100.4800034,3317000,91.58000183,4583700,50.56999969,936500,110.2300034,1501100,50.40999985,652000
5/14/2024,50.43999863,2486500,100.4800034,2765800,91.58999634,6834400,50.56999969,1547600,110.2399979,1684100,50.41999817,784200
5/15/2024,50.45000076,3596000,100.5,4228600,91.59999847,6416100,50.59000015,1708800,110.2699966,2191000,50.43999863,819100
5/16/2024,50.47000122,6689000,100.5500031,3699500,91.63999939,8627400,50.59999847,1666600,110.3000031,2014700,50.45000076,667600
5/17/2024,50.47999954,2583500,100.5599976,4544200,91.65000153,4260500,50.61000061,779900,110.3199997,2692600,50.45999908,710400
5/20/2024,50.47999954,3076100,100.5699997,3341000,91.66999817,4460500,50.61000061,964800,110.3399963,1437600,50.47999954,678400
5/21/2024,50.49000168,2653400,100.5899963,3774900,91.68000031,3358400,50.63000107,1410900,110.3499985,1684900,50.47000122,708300
5/22/2024,50.5,2668900,100.5999985,2609000,91.69999695,5629600,50.63000107,1376700,110.3700027,2144300,50.47999954,634800
5/23/2024,50.52000046,3616800,100.6699982,3077800,91.76000214,5210000,50.66999817,1626700,110.4300003,2716800,50.5,639200
5/24/2024,50.31000137,4843400,100.6800003,2463000,91.76999664,4173600,50.65999985,1266300,110.4400024,972500,50.50999832,740800
5/28/2024,50.31999969,4776200,100.6900024,3684600,91.76000214,4940900,50.65999985,1702200,110.4300003,2806300,50.50999832,477300
5/29/2024,50.33000183,5064900,100.6900024,3971700,91.77999878,4961200,50.68000031,1651800,110.4400024,3419300,50.52000046,834500
5/30/2024,50.33000183,3838800,100.7099991,3581700,91.80000305,5727300,50.68999863,1139800,110.4700012,1886200,50.52999878,885900
5/31/2024,50.36000061,4432000,100.75,7082900,91.81999969,12454800,50.70000076,1679700,110.5100021,2974400,50.54999924,570700
6/3/2024,50.36000061,6004800,100.3300018,9568200,91.43000031,15275200,50.49000168,2518300,110.0599976,4333800,50.34999847,858900
6/4/2024,50.36999893,3701200,100.3499985,5355900,91.44999695,8302300,50.47999954,1819300,110.0800018,2539000,50.36000061,984800
6/5/2024,50.36999893,4021000,100.3700027,4285300,91.45999908,8099300,50.49000168,1793800,110.0899963,2327700,50.36999893,954300
6/6/2024,50.38999939,2871900,100.3700027,3376100,91.47000122,4720800,50.5,3082700,110.1200027,2254700,50.38999939,690400
6/7/2024,50.40000153,2799000,100.4100037,3490400,91.51000214,5032600,50.52999878,1302700,110.1500015,2920200,50.36999893,875700
6/10/2024,50.40999985,3123500,100.4300003,2754000,91.52999878,4095800,50.52999878,2208000,110.1699982,2802000,50.38999939,626400
6/11/2024,50.40999985,3454000,100.4499969,3320000,91.54000092,4831700,50.54000092,1366500,110.1800003,2374500,50.40000153,523800
6/12/2024,50.40999985,5825200,100.4700012,5355700,91.55999756,6373600,50.54000092,1176000,110.2200012,2392200,50.41999817,1057000
6/13/2024,50.41999817,2717800,100.4800034,3925700,91.56999969,5132600,50.56000137,1286100,110.2300034,1809200,50.43999863,1528400
6/14/2024,50.43999863,2692300,100.5299988,3505500,91.62000275,5226500,50.56999969,1087000,110.2799988,1736400,50.45000076,520700
6/17/2024,50.45000076,2741600,100.5400009,3493700,91.62999725,5347500,50.59000015,1750100,110.2900009,5256600,50.43999863,1089200
6/18/2024,50.45999908,2501400,100.5699997,2972000,91.65000153,6273200,50.59000015,1563400,110.3199997,4208800,50.45999908,623200
6/20/2024,50.47999954,3532700,100.5800018,3580700,91.66999817,5238800,50.59999847,7306500,110.3399963,2229200,50.45999908,867800
6/21/2024,50.5,3168400,100.6200027,3498100,91.69999695,5431900,50.63000107,1207200,110.3899994,2310800,50.49000168,573900
6/24/2024,50.50999832,3728900,100.6299973,3369500,91.72000122,5280400,50.63999939,1503900,110.4000015,1905500,50.5,825800
6/25/2024,50.29000092,4858400,100.6500015,3626400,91.72000122,3547900,50.63000107,1701500,110.4199982,2275700,50.52000046,377800
6/26/2024,50.27999878,3922300,100.6600037,4815500,91.73000336,4098100,50.63999939,2494800,110.4199982,2336300,50.5,839500
6/27/2024,50.29000092,3810900,100.6699982,3349900,91.75,4487200,50.65000153,1177200,110.4499969,2154500,50.52000046,582500
6/28/2024,50.31000137,3958700,100.7099991,7427800,91.77999878,10410800,50.65999985,1991700,110.5,3244900,50.52999878,664600
7/1/2024,50.31999969,3770200,100.3099976,9965300,91.41999817,11882700,50.45999908,2954000,110.0500031,3926600,50.31999969,961600
7/2/2024,50.34000015,3040300,100.3199997,5720900,91.43000031,8228100,50.47000122,1179200,110.0699997,2749700,50.34999847,792300
7/3/2024,50.34999847,1923200,100.3499985,3986000,91.45999908,4240100,50.49000168,1235000,110.0999985,1820100,50.36999893,529400
7/5/2024,50.36000061,3307400,100.3899994,3742000,91.48999786,4316500,50.5,1519300,110.1399994,2065600,50.40000153,934700
7/8/2024,50.36999893,4836600,100.4100037,3263000,91.51000214,4748100,50.50999832,1678800,110.1699982,2503000,50.41999817,558700
7/9/2024,50.38999939,3208600,100.4100037,4508000,91.51000214,4311500,50.52000046,1565000,110.1699982,2956300,50.43000031,660900
7/10/2024,50.38000107,2782600,100.4300003,4062200,91.52999878,4653500,50.52000046,1121900,110.1800003,2187300,50.43999863,491100
7/11/2024,50.40000153,3628600,100.4499969,4195600,91.54000092,5960300,50.52999878,1423400,110.2099991,2358500,50.45999908,564100
7/12/2024,50.40000153,4128500,100.5,3369000,91.58000183,5872000,50.54999924,1011400,110.2699966,1871700,50.47999954,789400
7/15/2024,50.41999817,3918500,100.5,3615100,91.59999847,6130500,50.54999924,1548700,110.2900009,2565300,50.47999954,573800
7/16/2024,50.43000031,4114700,100.5199966,3622900,91.59999847,5457000,50.56000137,1524300,110.3000031,2318500,50.50999832,517100
7/17/2024,50.43999863,3989600,100.5299988,3822100,91.62999725,7883400,50.56999969,1173600,110.3099976,2155900,50.52000046,648100
7/18/2024,50.43000031,2965700,100.5500031,5291400,91.63999939,5746000,50.56999969,1295600,110.3300018,2148000,50.52000046,470300
7/19/2024,50.45999908,1825200,100.5899963,2993600,91.66999817,4604900,50.59999847,753400,110.3899994,2191400,50.52999878,306100
7/22/2024,50.45999908,4864600,100.6100006,3386500,91.69000244,6777700,50.59999847,1774100,110.4000015,3626400,50.52999878,814200
7/23/2024,50.47000122,2511400,100.6200027,2829200,91.69000244,8687900,50.59999847,1215100,110.4199982,3351000,50.56999969,2150400
7/24/2024,50.47000122,5920200,100.6299973,3474500,91.72000122,5548000,50.61999893,1453900,110.4300003,2528800,50.56999969,763000
7/25/2024,50.47999954,14255600,100.6500015,3521700,91.72000122,5926500,50.61999893,1766800,110.4400024,2820600,50.59000015,548900
7/26/2024,50.27000046,5057400,100.6800003,3172600,91.76999664,4299300,50.65000153,1185700,110.5,2269300,50.59999847,479300
7/29/2024,50.27999878,4770600,100.7099991,3259000,91.76999664,4097400,50.65000153,1073200,110.5199966,2134300,50.61999893,363600
7/30/2024,50.29000092,4728500,100.7099991,4559900,91.77999878,6748000,50.65999985,1084500,110.5299988,2107900,50.63000107,673000
7/31/2024,50.27999878,4487800,100.7200012,7256900,91.80000305,12395000,50.65000153,2241000,110.5400009,2857800,50.63999939,781300
8/1/2024,50.29999924,5269600,100.3000031,11015600,91.41999817,18244900,50.43000031,2434300,110.0800018,4773100,50.43000031,1251700
8/2/2024,50.27999878,5713700,100.3499985,7927400,91.47000122,14492000,50.41999817,3370700,110.1800003,5001100,50.49000168,1327000
8/5/2024,50.27000046,10353600,100.3600006,8712900,91.47000122,21054200,50.43000031,4343000,110.1800003,5589900,50.50999832,1701000
8/6/2024,50.29999924,5298800,100.3799973,5059100,91.48999786,9774300,50.43999863,2256000,110.1800003,3654800,50.54000092,1204100
8/7/2024,50.33000183,6617400,100.3799973,4611400,91.51000214,14277100,50.47999954,2902100,110.1999969,2589200,50.52999878,980700
8/8/2024,50.33000183,3726200,100.4100037,3903300,91.51999664,6946000,50.47000122,1377800,110.2099991,1864600,50.52000046,642600
8/9/2024,50.34999847,2907400,100.4400024,5548300,91.54000092,7714500,50.49000168,1245300,110.25,2021900,50.54000092,757700
8/12/2024,50.34999847,4977900,100.4599991,3845400,91.56999969,6167100,50.49000168,2522300,110.2799988,1553500,50.54999924,804400
8/13/2024,50.36000061,3245000,100.4800034,4782200,91.58000183,7486700,50.5,1463200,110.3099976,1838500,50.56999969,833200
8/14/2024,50.36999893,2578200,100.5,4327700,91.58999634,5103800,50.52000046,1035800,110.3099976,1719900,50.56999969,530900
8/15/2024,50.38999939,8426100,100.5100021,4217800,91.59999847,6865000,50.54000092,1380000,110.3199997,1865100,50.56999969,776800
8/16/2024,50.40000153,4593700,100.5500031,3638900,91.65000153,8828900,50.54999924,1088900,110.3700027,2409800,50.59000015,980000
8/19/2024,50.40000153,2990600,100.5599976,3930700,91.65000153,5960000,50.56000137,1325500,110.3799973,1820100,50.61999893,958500
8/20/2024,50.41999817,3123600,100.5699997,3084200,91.66999817,5868900,50.56999969,1869100,110.4100037,1678000,50.63000107,738400
8/21/2024,50.43000031,3915000,100.5999985,3936000,91.69000244,4315700,50.56999969,1671400,110.4300003,2495500,50.65999985,1076100
8/22/2024,50.43000031,3040000,100.5999985,3849100,91.69000244,5644000,50.58000183,975500,110.4499969,2097400,50.65000153,636900
8/23/2024,50.45999908,3685900,100.6399994,3549900,91.73000336,6458000,50.59999847,1432400,110.5,2456500,50.66999817,1133600
8/26/2024,50.45000076,4080100,100.6600037,3969000,91.73999786,6712300,50.59999847,1302700,110.5100021,2129600,50.66999817,1171200
8/27/2024,50.22999954,6674200,100.6699982,2818100,91.76000214,6549600,50.61999893,1243200,110.5299988,2982800,50.68999863,567600
8/28/2024,50.22000122,4481700,100.6800003,3500800,91.76999664,6373600,50.61999893,981100,110.5500031,1717000,50.70000076,789400
8/29/2024,50.24000168,3764600,100.6900024,4537700,91.76999664,4766800,50.61000061,839500,110.5599976,1707800,50.70000076,1349100
8/30/2024,50.27000046,4429400,100.7399979,8427400,91.81999969,12422200,50.63000107,1738500,110.5999985,3287800,50.70999908,861000
9/3/2024,50.27000046,5995900,100.3399963,11846700,91.45999908,18003300,50.43000031,1948400,110.1600037,14611400,50.50999832,1266000
9/4/2024,50.27999878,2841300,100.3499985,7218300,91.47000122,6427400,50.43999863,2350600,110.1900024,2293400,50.54000092,1034700
9/5/2024,50.27000046,4190200,100.3799973,4833300,91.48000336,7293000,50.43999863,3807400,110.2099991,2667400,50.54999924,848400
9/6/2024,50.29999924,3541500,100.4199982,5534600,91.52999878,7105200,50.45999908,1401900,110.2600021,4564800,50.58000183,1149500
9/9/2024,50.29000092,3379100,100.4300003,5397400,91.52999878,5391800,50.45999908,2263300,110.2600021,3424500,50.59999847,705000
9/10/2024,50.31000137,4776600,100.4499969,4143900,91.55999756,4815300,50.47000122,1163600,110.3000031,5309300,50.61000061,583300
9/11/2024,50.31000137,2895400,100.4499969,4500100,91.55999756,7429500,50.47999954,950800,110.2900009,2925100,50.61000061,1143700
9/12/2024,50.33000183,4682900,100.4599991,3922600,91.56999969,5189800,50.49000168,1138500,110.3099976,2872400,50.61999893,661000
9/13/2024,50.34999847,4444000,100.5199966,3465200,91.62000275,8183500,50.50999832,1516100,110.3700027,2626000,50.63999939,492700
9/16/2024,50.34000015,4773000,100.5400009,3571100,91.63999939,6037400,50.52000046,1267600,110.4100037,1760000,50.66999817,1509600
9/17/2024,50.36000061,6454400,100.5400009,4452200,91.65000153,9658200,50.52000046,1106000,110.4199982,2246000,50.66999817,632900
9/18/2024,50.34999847,4191600,100.5699997,4077700,91.66999817,7621200,50.52000046,2492500,110.4599991,2940200,50.65999985,929300
9/19/2024,50.36000061,4349300,100.5899963,5165800,91.69000244,8001100,50.52999878,1087100,110.4800034,5525500,50.68000031,487200
9/20/2024,50.38999939,2850800,100.6299973,4244800,91.73000336,6438700,50.54999924,2697700,110.5299988,2829000,50.70000076,522000
9/23/2024,50.38999939,2962800,100.6600037,5220900,91.73999786,6998800,50.56000137,1797400,110.5500031,3188200,50.70999908,789000
9/24/2024,50.40000153,3800800,100.6699982,3923500,91.75,11580200,50.56999969,1876900,110.5599976,3068800,50.72999954,731700
9/25/2024,50.20000076,4148300,100.6699982,3372400,91.76999664,5875800,50.58000183,975800,110.5800018,3090200,50.72999954,636100
9/26/2024,50.20999908,3110700,100.6800003,4364400,91.76999664,4937700,50.56999969,1301200,110.5899963,3071100,50.72999954,673000
9/27/2024,50.22999954,4458600,100.7200012,4945400,91.80000305,8616700,50.59000015,2162400,110.6299973,4247700,50.75,1144200
9/30/2024,50.22000122,5367900,100.7200012,9253100,91.80999756,11327400,50.59999847,4868800,110.6299973,5728900,50.74000168,1025200
10/1/2024,50.22999954,5306700,100.3300018,11569200,91.45999908,13695700,50.40999985,4310200,110.1999969,11744100,50.54000092,1353400
10/2/2024,50.24000168,4181400,100.3300018,5170300,91.47000122,7391800,50.41999817,1362400,110.1999969,10743300,50.54000092,984400
10/3/2024,50.25,2989900,100.3399963,4066100,91.48999786,5394900,50.41999817,1298800,110.1999969,8320700,50.54999924,585200
10/4/2024,50.27999878,6065800,100.3799973,4987100,91.51000214,6208000,50.43999863,1068100,110.2399979,5043900,50.54000092,629000
10/7/2024,50.27999878,7274800,100.3899994,4792500,91.52999878,6735500,50.45000076,1718200,110.2300034,7826100,50.52999878,670900
10/8/2024,50.29000092,3476700,100.4000015,3923100,91.52999878,5266500,50.45999908,1181500,110.2600021,5234900,50.54999924,591800
10/9/2024,50.29999924,5504400,100.4199982,4024800,91.54000092,6200800,50.45999908,1518400,110.2699966,2391800,50.54999924,704800
10/10/2024,50.31000137,3484400,100.4400024,3731100,91.55000305,4717800,50.47000122,1281900,110.2799988,3653500,50.58000183,849600
10/11/2024,50.33000183,3203200,100.4800034,3778400,91.59999847,6011000,50.49000168,1466800,110.3300018,3949500,50.58000183,442300
10/14/2024,50.33000183,2345500,100.4800034,3297100,91.58999634,4174900,50.49000168,1190800,110.3399963,2932000,50.58000183,879200
10/15/2024,50.34000015,3898200,100.5,3567400,91.62000275,5906400,50.50999832,1364800,110.3499985,2421300,50.59000015,565100
10/16/2024,50.36000061,3539300,100.5199966,3809900,91.62000275,5757300,50.52000046,1196400,110.3700027,4952900,50.61000061,549200
10/17/2024,50.36000061,2956200,100.5199966,3575500,91.63999939,4395800,50.52000046,3347200,110.3700027,4522800,50.61000061,797000
10/18/2024,50.38000107,3011300,100.5599976,3970200,91.66999817,5286800,50.52999878,1046800,110.4199982,2611300,50.61999893,518600
10/21/2024,50.38999939,3113400,100.5800018,3940600,91.69000244,5874700,50.54000092,1350600,110.4300003,5111000,50.63000107,920300
10/22/2024,50.40000153,2636400,100.5899963,3462800,91.69999695,4191500,50.56000137,1047600,110.4300003,3155600,50.63000107,761600
10/23/2024,50.40000153,4550000,100.5899963,3927700,91.69999695,5462300,50.56999969,902300,110.4300003,9123400,50.63999939,708800
10/24/2024,50.41999817,2621600,100.6200027,3704500,91.70999908,4689000,50.58000183,1353200,110.4499969,5750500,50.63999939,761000
10/25/2024,50.41999817,2739900,100.6600037,5386900,91.75,6048400,50.59000015,812600,110.4899979,3037200,50.65999985,1692200
10/28/2024,50.24000168,3098000,100.6600037,3471300,91.75,5718600,50.59000015,1163400,110.5199966,3809700,50.66999817,1170300
10/29/2024,50.24000168,3952700,100.6800003,3449900,91.76999664,4704800,50.59999847,1090100,110.5199966,6641600,50.68000031,1667900
10/30/2024,50.25999832,3226000,100.6800003,7059200,91.77999878,4965800,50.61000061,1878200,110.5500031,4879800,50.65999985,4048200
10/31/2024,50.25999832,3818800,100.6999969,11321100,91.80000305,12141700,50.61000061,2159500,110.5699997,5693400,50.68000031,2164800
11/1/2024,50.27999878,4637600,100.3399963,13451800,91.48000336,15201500,50.43000031,2029700,110.1500015,4558200,50.47999954,2189900
11/4/2024,50.29000092,4028100,100.3499985,5041500,91.5,9477100,50.43999863,2447900,110.1699982,5295000,50.50999832,3768900
11/5/2024,50.29999924,3897000,100.3700027,4280500,91.5,4689500,50.45999908,2122300,110.1699982,3004700,50.5,1124900
11/6/2024,50.29000092,5127100,100.3700027,9470900,91.51999664,9978200,50.45999908,4561600,110.1699982,5082300,50.47999954,1410400
11/7/2024,50.31000137,4840400,100.3899994,6188100,91.52999878,7827900,50.47999954,1219900,110.1999969,5523400,50.5,766600
11/8/2024,50.34000015,3600000,100.4400024,5624200,91.58000183,8280900,50.49000168,1658100,110.2600021,4919500,50.52999878,1031700
11/11/2024,50.34000015,3072200,100.4300003,4443700,91.56999969,8165700,50.49000168,1309000,110.25,2185900,50.52000046,1196200
11/12/2024,50.34000015,3370100,100.4400024,4283300,91.58000183,5526300,50.5,1664600,110.2600021,2628200,50.50999832,958700
11/13/2024,50.36000061,2959600,100.4700012,4818000,91.59999847,4860500,50.52000046,1323200,110.2799988,2956000,50.52000046,935800
11/14/2024,50.36999893,5101000,100.4700012,4353200,91.59999847,6138400,50.52000046,975000,110.2900009,3675600,50.52000046,641700
11/15/2024,50.38999939,2973500,100.5199966,5605100,91.62999725,9715700,50.54000092,3273200,110.3099976,3490100,50.54999924,774600
11/18/2024,50.40000153,3709600,100.5299988,5597300,91.63999939,7411000,50.54999924,1265200,110.3300018,3052500,50.56000137,713600
11/19/2024,50.40999985,4136800,100.5400009,4310900,91.66999817,7470700,50.56999969,2254300,110.3499985,5907900,50.56999969,861800
11/20/2024,50.41999817,3404000,100.5599976,4133000,91.68000031,5538200,50.56999969,1979200,110.3700027,2160300,50.56000137,531100
11/21/2024,50.43000031,2940100,100.5599976,4410700,91.69000244,5889700,50.58000183,1518800,110.3700027,5298100,50.56999969,1662200
11/22/2024,50.45000076,3759900,100.5899963,4343900,91.72000122,6694300,50.59999847,1889800,110.4100037,3330400,50.59000015,564100
11/25/2024,50.27000046,3820200,100.5999985,6020200,91.73000336,5107700,50.59999847,1603300,110.4300003,3467200,50.61999893,830200
11/26/2024,50.27999878,5217500,100.6200027,4586900,91.73000336,6692000,50.61000061,1463800,110.4400024,3266100,50.61000061,1329600
11/27/2024,50.29000092,3793300,100.6399994,5909000,91.76000214,6120700,50.63000107,1180600,110.4599991,2100100,50.63000107,1360600
11/29/2024,50.29999924,2532500,100.6800003,6581100,91.77999878,9410500,50.63000107,1002800,110.5100021,3015400,50.65000153,392500
12/2/2024,50.31000137,5259100,100.3199997,11471800,91.47000122,12973900,50.45999908,2572300,110.1100006,4170100,50.45999908,842500
12/3/2024,50.29999924,2654200,100.3300018,5734100,91.48999786,5673500,50.47000122,7538300,110.1399994,1738700,50.45000076,1678100
12/4/2024,50.31999969,2502300,100.3499985,5351100,91.5,5963400,50.45999908,1321900,110.1399994,3709400,50.49000168,1282800
12/5/2024,50.33000183,2752900,100.3600006,4870100,91.51000214,5880200,50.47999954,1062600,110.1699982,2018700,50.47999954,1111300
12/6/2024,50.34000015,4513500,100.4100037,4779000,91.55000305,5706600,50.5,881600,110.2200012,2354000,50.50999832,1607000
12/9/2024,50.34999847,4436800,100.4199982,5539800,91.55999756,8793100,50.50999832,1551300,110.2399979,2567300,50.52000046,992200
12/10/2024,50.34999847,3163700,100.4400024,5293500,91.58000183,5400300,50.50999832,1069300,110.2399979,1637300,50.52000046,1331300
12/11/2024,50.36000061,2526100,100.4400024,4855300,91.58999634,5845900,50.50999832,1277300,110.2600021,2236900,50.52999878,1513900
12/12/2024,50.38000107,4009600,100.4499969,4701000,91.61000061,4770200,50.52999878,1524000,110.2699966,1564700,50.52999878,1219100
12/13/2024,50.38999939,3336200,100.5,4671500,91.63999939,6271900,50.54999924,814000,110.3000031,1653300,50.54999924,1290500
12/16/2024,50.40000153,6940500,100.5100021,5598900,91.65000153,6761700,50.54999924,2068600,110.3300018,2238500,50.59000015,2326400
12/17/2024,50.40999985,16783400,100.5100021,5798500,91.66000366,5827400,50.56999969,1600800,110.3300018,2404300,50.58000183,1886500
12/18/2024,50.40999985,6317300,100.1600037,11526500,91.66000366,9268200,50.36999893,4604500,109.9199982,2961000,50.33000183,2325000
12/19/2024,50.43000031,4880300,100.1800003,8319400,91.29000092,13876400,50.38000107,2959400,109.9499969,3319900,50.36000061,2269000
12/20/2024,50.45000076,4748600,100.1999969,8898900,91.33000183,12690000,50.40999985,2262100,109.9800034,2596100,50.36000061,3307500
12/23/2024,50.45999908,3937600,100.2200012,7032500,91.33000183,6572800,50.40000153,3201800,109.9899979,5534600,50.36999893,1742800
12/24/2024,50.45999908,4232100,100.25,4654300,91.34999847,4145600,50.43000031,1675900,110.0199966,1832400,50.38000107,704800
12/26/2024,50.27999878,4336000,100.2600021,4974100,91.37000275,6192000,50.41999817,1476400,110.0400009,1977900,50.38000107,977100
12/27/2024,50.29000092,5645500,100.2900009,6558000,91.41000366,6143500,50.43999863,1274500,110.0699997,3049500,50.40000153,1048900
12/30/2024,50.29000092,4113700,100.2900009,6547600,91.41000366,8990100,50.45999908,1721200,110.0999985,3318900,50.43000031,1210500
12/31/2024,50.31999969,7577500,100.3199997,7371300,91.43000031,7301500,50.47000122,1380200,110.1100006,3601200,50.43000031,1126400
1/2/2025,50.33000183,6634000,100.3399963,7533100,91.44999695,10756900,50.47999954,4585200,110.1299973,2476800,50.43999863,2898400
1/3/2025,50.34000015,5586600,100.3700027,6730100,91.45999908,7837900,50.49000168,1545500,110.1600037,2145000,50.47000122,1518900
1/6/2025,50.34999847,3083500,100.3700027,6938300,91.47000122,7827100,50.5,3778300,110.1800003,2611600,50.49000168,1329200
1/7/2025,50.36000061,3849800,100.3899994,6792100,91.48999786,6956800,50.50999832,1370700,110.1999969,2442700,50.5,1094800
1/8/2025,50.36999893,3462400,100.4100037,6101100,91.51000214,6673100,50.52000046,2482700,110.1999969,4330100,50.5,821900
1/10/2025,50.40000153,16557000,100.4499969,7644600,91.54000092,10112200,50.52999878,2014300,110.2300034,8609600,50.49000168,1476600
1/13/2025,50.40999985,5066900,100.4700012,7647300,91.55000305,7854400,50.56000137,2224400,110.25,8996000,50.5,847300
1/14/2025,50.43000031,4224700,100.4800034,7245400,91.56999969,6078300,50.54999924,1600900,110.2600021,8787900,50.50999832,1931900
1/15/2025,50.43000031,4017500,100.4899979,6878600,91.58000183,7253800,50.56999969,2040400,110.2799988,9348700,50.52999878,839600
1/16/2025,50.43000031,3228700,100.4899979,5352500,91.58000183,6997800,50.58000183,3204500,110.2900009,9546200,50.52999878,872400
1/17/2025,50.45000076,4241100,100.5400009,6563000,91.62999725,7745500,50.59000015,2645000,110.3399963,8531500,50.54999924,1043700
1/21/2025,50.45999908,5516300,100.5500031,7952400,91.62999725,10266200,50.59999847,1620400,110.3600006,7854100,50.58000183,1391000
1/22/2025,50.45000076,5017200,100.5699997,5717600,91.65000153,6019200,50.61000061,1283800,110.3600006,6999500,50.58000183,915500
1/23/2025,50.45999908,3693600,100.5800018,5085800,91.65000153,6561500,50.61000061,944500,110.3799973,7440100,50.59000015,764100
1/24/2025,50.47999954,3512800,100.6100006,6380000,91.69000244,7242200,50.63000107,992900,110.4199982,6651200,50.61000061,633700
1/27/2025,50.49000168,3756200,100.6100006,9439800,91.69999695,7909600,50.65000153,1611000,110.4400024,5298300,50.63000107,1222700
1/28/2025,50.33000183,4161100,100.6399994,5857900,91.69999695,6485500,50.65000153,1235400,110.4499969,5094700,50.63000107,777400
1/29/2025,50.34000015,3131900,100.6399994,3978700,91.70999908,5688800,50.65999985,1396500,110.4599991,4414900,50.63000107,697200
1/30/2025,50.34000015,4988500,100.6600037,8043500,91.72000122,7369900,50.65000153,2388400,110.4700012,5565700,50.63000107,1480100
1/31/2025,50.36000061,5114000,100.6800003,12461600,91.75,13675900,50.68000031,3238100,110.5100021,5301100,50.65000153,3404500
2/3/2025,50.36000061,7039400,100.3399963,16436200,91.44999695,17508900,50.50999832,2120500,110.1200027,6264700,50.47000122,2483800
2/4/2025,50.36999893,3886800,100.3600006,7866600,91.44999695,9295900,50.52000046,1961300,110.1299973,5357300,50.5,1622400
2/5/2025,50.38000107,3748300,100.3600006,7100900,91.45999908,6249600,50.50999832,1756100,110.1399994,5114900,50.50999832,1098300
2/6/2025,50.38999939,3345200,100.3799973,5804300,91.48000336,8308300,50.52999878,2053000,110.1600037,4670200,50.50999832,894000
2/7/2025,50.40000153,3083900,100.4100037,6758700,91.5,6391100,50.54999924,1633200,110.1900024,5093200,50.5,567800
2/10/2025,50.40999985,4030700,100.4300003,7517800,91.51000214,5466500,50.56000137,1411700,110.1999969,6866400,50.52999878,1008000
2/11/2025,50.40999985,3222300,100.4300003,6424100,91.51999664,6959400,50.54999924,1678100,110.1999969,11524800,50.52999878,887500
2/12/2025,50.43000031,3276500,100.4400024,6618800,91.52999878,6275700,50.56999969,1052500,110.1999969,6675000,50.52999878,901700
2/13/2025,50.43000031,5211600,100.4599991,5690100,91.55000305,6340500,50.56999969,1670300,110.2300034,2823400,50.54000092,3267700
2/14/2025,50.45000076,2592700,100.5,7648100,91.58000183,6058900,50.59999847,1154300,110.2799988,3559400,50.54999924,818800
2/18/2025,50.45999908,3679600,100.5199966,15815200,91.59999847,8777200,50.61000061,1241100,110.2799988,4885500,50.56000137,921100
2/19/2025,50.47000122,3841500,100.5199966,7277600,91.61000061,5685800,50.61000061,1393600,110.3099976,4009400,50.56999969,1006700
2/20/2025,50.47999954,3350500,100.5400009,7608000,91.62999725,5454900,50.61999893,1268000,110.3199997,3588600,50.58000183,691000
2/21/2025,50.5,3982400,100.5800018,9111000,91.66000366,7185900,50.63999939,1867300,110.3600006,5773200,50.61999893,802200
2/24/2025,50.5,3598700,100.5899963,9734600,91.66999817,9061400,50.63999939,2286700,110.3799973,8101900,50.63000107,748700
2/25/2025,50.34000015,6067900,100.5999985,10827700,91.66999817,8348300,50.65000153,1566700,110.4000015,8345200,50.65000153,1516500
2/26/2025,50.34000015,4464100,100.5999985,9536300,91.69000244,8610600,50.65000153,1035200,110.4000015,4963800,50.63999939,1229500
2/27/2025,50.34999847,4263500,100.6299973,10807800,91.69999695,6620600,50.65000153,2272900,110.4100037,3224700,50.65999985,1802000
2/28/2025,50.36000061,4801500,100.6500015,13772600,91.72000122,13721500,50.66999817,2077200,110.4499969,5511200,50.68000031,2430000
3/3/2025,50.36999893,5142100,100.3600006,17436600,91.44999695,17874400,50.50999832,2383500,110.1100006,8365800,50.50999832,2411300
3/4/2025,50.36000061,5199700,100.3700027,11543100,91.44999695,12187400,50.50999832,1727000,110.1200027,11094600,50.52999878,1501300
3/5/2025,50.36999893,6286300,100.3700027,7162600,91.45999908,11850800,50.50999832,1897800,110.1399994,9906900,50.52999878,2088700
3/6/2025,50.38000107,7448300,100.4000015,9925500,91.47000122,10301700,50.52999878,3520900,110.1500015,9772100,50.52999878,907700
3/7/2025,50.40000153,3935900,100.4300003,8962400,91.51000214,10375700,50.54000092,1928100,110.1999969,6012500,50.54999924,702200
3/10/2025,50.40999985,7367200,100.4300003,14768100,91.51999664,29759000,50.54999924,2287000,110.2099991,10331900,50.56999969,887300
3/11/2025,50.40999985,6027100,100.4499969,11456900,91.52999878,19163000,50.54999924,2454300,110.2300034,8340800,50.56000137,1485300
3/12/2025,50.40999985,5045400,100.4499969,11307300,91.54000092,20095800,50.56000137,2073300,110.2300034,8193500,50.52999878,974300
3/13/2025,50.40999985,4686400,100.4800034,13110600,91.55999756,14549100,50.56000137,1856700,110.2399979,10764700,50.54999924,1144800
3/14/2025,50.43999863,4367500,100.5100021,11421900,91.58000183,15909000,50.58000183,1696200,110.2900009,9071900,50.56000137,1553100
3/17/2025,50.43999863,3929800,100.5199966,9018300,91.59999847,9386400,50.59000015,1133300,110.2900009,6214900,50.58000183,1182200
3/18/2025,50.43999863,3149600,100.5299988,9213100,91.59999847,8773100,50.58000183,3484500,110.3000031,11201300,50.56000137,2355900
3/19/2025,50.45000076,2915900,100.5500031,13584800,91.61000061,8833200,50.59999847,1499900,110.3099976,10142800,50.59000015,1118500
3/20/2025,50.45000076,4854400,100.5500031,12648500,91.62999725,8491000,50.59999847,1657000,110.3300018,5685000,50.56999969,1216600
3/21/2025,50.45000076,8404600,100.5800018,13101800,91.66000366,6544300,50.61000061,1736100,110.3700027,6688100,50.61000061,1014000
3/24/2025,50.45999908,3632300,100.5999985,13854600,91.66000366,8056300,50.61000061,1188800,110.3799973,6596000,50.61000061,839900
3/25/2025,50.47000122,6986000,100.6100006,13844800,91.66999817,18837100,50.63000107,1005100,110.3899994,10628800,50.61000061,574300
3/26/2025,50.29000092,8682900,100.6299973,12262200,91.68000031,7171300,50.63999939,1284200,110.4000015,7838100,50.63000107,800900
3/27/2025,50.31000137,5649000,100.6399994,10022000,91.69999695,8399300,50.63999939,1369800,110.4199982,9383800,50.63999939,582200
3/28/2025,50.31999969,8373900,100.6699982,11747100,91.73000336,10052200,50.65000153,2700000,110.4499969,9151900,50.65999985,1001500
3/31/2025,50.33000183,7556300,100.6699982,18210800,91.73000336,22045800,50.65999985,1509600,110.4599991,10044000,50.70000076,908500
4/1/2025,50.33000183,6271600,100.3499985,21033200,91.43000031,19110200,50.49000168,1532900,110.0999985,5617800,50.50999832,1417800
4/2/2025,50.34000015,6332000,100.3600006,10658900,91.44000244,9035500,50.47999954,1586400,110.1100006,6600100,50.5,836000
4/3/2025,50.34999847,11419400,100.3799973,13988800,91.44999695,24029500,50.49000168,2655400,110.1200027,5630300,50.52000046,2345800
4/4/2025,50.34000015,14425500,100.4100037,22826300,91.48000336,33920200,50.5,3007200,110.1699982,7485000,50.52999878,2522000
4/7/2025,50.34000015,15212700,100.4199982,22564000,91.48999786,37206000,50.5,5236600,110.1800003,10155800,50.52999878,4520200
4/8/2025,50.34999847,13147600,100.4199982,17116100,91.51000214,21800900,50.50999832,3146700,110.1999969,8380900,50.5,3249100
4/9/2025,50.36000061,17167900,100.4400024,21838800,91.51000214,22907000,50.50999832,7164800,110.1999969,9374600,50.50999832,2443900
4/10/2025,50.36999893,12798600,100.4400024,16851500,91.51999664,23678100,50.52000046,2603700,110.1999969,5882400,50.5,1744300
4/11/2025,50.36999893,8778900,100.4899979,12916600,91.55999756,34807600,50.54000092,5150900,110.25,18461900,50.52000046,1432800
4/14/2025,50.38000107,8608200,100.5,13772300,91.55999756,18027100,50.52999878,1946700,110.2600021,6572100,50.54000092,1651100
4/15/2025,50.38000107,9857100,100.5100021,10043700,91.58000183,10082100,50.54999924,2764700,110.2699966,2950700,50.52999878,1911200
4/16/2025,50.38999939,8314600,100.5299988,8840000,91.58999634,12016200,50.56000137,1916800,110.2900009,4037500,50.54999924,2306400
4/17/2025,50.41999817,10852700,100.5699997,8652700,91.62999725,8208600,50.58000183,1461500,110.3399963,2704100,50.59000015,2545300
4/21/2025,50.43000031,12193800,100.5699997,10756100,91.63999939,10032200,50.56999969,2607100,110.3499985,2698800,50.56000137,1962500
4/22/2025,50.43999863,4490400,100.5800018,11603400,91.63999939,9201200,50.59000015,2307900,110.3600006,4001900,50.56000137,840100
4/23/2025,50.43000031,7901500,100.6100006,19135100,91.66000366,8478500,50.59999847,1630800,110.3700027,4259500,50.59000015,1330900
4/24/2025,50.43999863,10550400,100.6100006,12068700,91.66000366,20381700,50.61000061,2745800,110.3799973,5434200,50.61999893,819300
4/25/2025,50.29000092,10249700,100.6500015,8822700,91.69999695,11894100,50.63000107,3233800,110.4199982,4123600,50.63000107,827700
4/28/2025,50.29999924,4632300,100.6500015,9127900,91.70999908,9934400,50.63999939,1660800,110.4300003,3808200,50.66999817,2322700
4/29/2025,50.31000137,4247600,100.6600037,8555000,91.70999908,19478900,50.63999939,3018500,110.4300003,11871500,50.66999817,680200
4/30/2025,50.29000092,5092400,100.6900024,16040200,91.72000122,17498400,50.63000107,1461600,110.4599991,4592400,50.68999863,940700
5/1/2025,50.31000137,8362700,100.3700027,21288700,91.43000031,15747600,50.47000122,2333200,110.0999985,5457000,50.5,2769800
5/2/2025,50.31999969,5472400,100.4000015,13930900,91.45999908,14267400,50.49000168,2589900,110.1200027,4611300,50.5,2208300
5/5/2025,50.33000183,5198300,100.4100037,13223700,91.45999908,26580800,50.5,1844200,110.1299973,11721500,50.52000046,1823600
5/6/2025,50.34999847,3291400,100.4100037,8986000,91.48000336,8429300,50.5,1383400,110.1399994,5079000,50.52000046,1177500
5/7/2025,50.34999847,3029600,100.4199982,8509300,91.48000336,6212900,50.5,1164900,110.1600037,3109900,50.52999878,863300
5/8/2025,50.36000061,3705500,100.4499969,11931100,91.5,9354600,50.5,1249300,110.1699982,3202000,50.5,1132800
5/9/2025,50.38000107,3916500,100.4800034,11793700,91.52999878,9062400,50.52999878,1769900,110.1999969,3022300,50.52999878,1248000
5/12/2025,50.38999939,5314100,100.4800034,16808300,91.52999878,14492000,50.52999878,2029500,110.2099991,5469700,50.52999878,1311900
5/13/2025,50.38999939,6068100,100.5,18174400,91.55000305,23455700,50.54999924,4755300,110.2200012,2980600,50.52000046,922500
5/14/2025,50.40000153,3710200,100.5100021,9821100,91.55000305,9141900,50.56000137,2044900,110.2200012,3423300,50.52000046,1849800
5/15/2025,50.40000153,3477800,100.5100021,10057600,91.55999756,6657100,50.54999924,989900,110.2399979,2761000,50.54000092,899500
5/16/2025,50.43000031,3208100,100.5500031,10109300,91.59999847,8756000,50.56999969,2034600,110.2799988,3739000,50.56000137,1060900
5/19/2025,50.43999863,3541200,100.5599976,15759100,91.59999847,7618200,50.59000015,2677900,110.2799988,3024900,50.56999969,1102200
5/20/2025,50.45000076,3294500,100.5800018,9249100,91.62000275,7925400,50.59000015,1960400,110.3000031,2499100,50.56999969,825100
5/21/2025,50.43999863,4063700,100.5899963,11325900,91.62999725,12007400,50.59999847,1973500,110.3099976,2832000,50.58000183,851700
5/22/2025,50.45000076,3051700,100.6100006,8901700,91.65000153,7876500,50.61000061,2688900,110.3300018,2474700,50.59000015,1123800
5/23/2025,50.47000122,3915800,100.6399994,9119400,91.69000244,14805900,50.63999939,1155000,110.3799973,2286800,50.61000061,680000
5/27/2025,50.29999924,5143200,100.6500015,10526600,91.69000244,8996500,50.63999939,3506000,110.3799973,2928700,50.65000153,1491400
5/28/2025,50.31999969,3254700,100.6800003,8415200,91.69999695,9887600,50.65000153,1211600,110.3899994,3058300,50.65000153,1794200
5/29/2025,50.31000137,3453800,100.6800003,10435700,91.70999908,7530200,50.65000153,1589200,110.4199982,2023900,50.65999985,1097900
5/30/2025,50.31999969,2881700,100.7099991,14209500,91.73999786,19202100,50.65999985,1468700,110.4400024,4947800,50.66999817,910900
6/2/2025,50.34999847,5302000,100.3799973,21934000,91.44000244,17013900,50.47999954,2804800,110.0599976,7655400,50.47999954,2840900
6/3/2025,50.34000015,4750300,100.3899994,11979500,91.45999908,8454700,50.5,1682200,110.0800018,2471700,50.49000168,1786900
6/4/2025,50.34999847,4124000,100.4000015,8923800,91.45999908,14872200,50.5,1539300,110.0899963,1952500,50.50999832,1111800
6/5/2025,50.34999847,2529300,100.4100037,9915800,91.47000122,7780200,50.50999832,1299700,110.1200027,2946800,50.5,1070800
6/6/2025,50.36999893,3354300,100.4400024,9122400,91.5,7582100,50.50999832,1491600,110.1299973,2890100,50.50999832,883700
6/9/2025,50.36999893,3836400,100.4499969,9902100,91.51999664,8128000,50.52999878,1923400,110.1600037,2358600,50.52000046,1668800
6/10/2025,50.38000107,4014700,100.4599991,9201800,91.52999878,9514600,50.54000092,1815300,110.1699982,2308200,50.52000046,739100
6/11/2025,50.38000107,3535500,100.4800034,10138800,91.52999878,7435700,50.54000092,1081400,110.1800003,2350700,50.54000092,1209600
6/12/2025,50.40000153,4176100,100.4899979,9417300,91.54000092,5304800,50.54000092,2756200,110.1999969,1961700,50.54999924,998500
